{
  "usuarios": [
    {
      "id": "1",
      "usuario": "sara",
      "codigo": "001"
    },
    {
      "id": "2",
      "usuario": "javier",
      "codigo": "002"
    }
  ],
  "pacientes": [
    {
      "nombre": "Juan",
      "apellidos": "Pérez Medina",
      "genero": "hombre",
      "email": "juan@gmail.com",
      "telefono": "327642873",
      "telefono_2": "",
      "fecha_nacimiento": "1999-08-04",
      "direccion": "Calle Inventada N/3",
      "localidad": "45200, Illescas (Toledo)",
      "alergias": "",
      "medicacion_actual": "",
      "enfermedades_cronicas": "",
      "cirugias_previas": "",
      "vacunas_recientes": "",
      "antecedentes_familiares": "",
      "id": "0001"
    },
    {
      "nombre": "Carlos",
      "apellidos": "Martínez Pérez",
      "genero": "hombre",
      "email": "carlos@correo.com",
      "telefono": "622345678",
      "telefono_2": "undefined",
      "fecha_nacimiento": "1978-06-20",
      "direccion": "Calle Real N/5",
      "localidad": "41806, Umbrete (Sevilla)",
      "alergias": "undefined",
      "medicacion_actual": "undefined",
      "enfermedades_cronicas": "undefined",
      "cirugias_previas": "undefined",
      "vacunas_recientes": "undefined",
      "antecedentes_familiares": "undefined",
      "id": "0002"
    },
    {
      "id": "0003",
      "nombre": "Lucía",
      "apellidos": "Fernández Gómez",
      "genero": "mujer",
      "email": "lucia@correo.com",
      "telefono": "632345678",
      "fecha_nacimiento": "1995-12-10",
      "direccion": "Calle de la Luna N/10",
      "localidad": "45223, Seseña (Toledo)"
    },
    {
      "id": "0004",
      "nombre": "Miguel",
      "apellidos": "Rodríguez Sánchez",
      "genero": "hombre",
      "email": "miguel@correo.com",
      "telefono": "879274924",
      "fecha_nacimiento": "1982-05-08",
      "direccion": "Plaza Nueva 9",
      "localidad": "45710, Madridejos (Toledo)"
    },
    {
      "id": "0005",
      "nombre": "Sofía",
      "apellidos": "Hernández Ruiz",
      "genero": "mujer",
      "email": "sofia@correo.com",
      "telefono": "652345678",
      "fecha_nacimiento": "1991-07-25",
      "direccion": "Avenida de la Paz 21",
      "localidad": "45529, Yuncler (Toledo)"
    },
    {
      "nombre": "David",
      "apellidos": "López García",
      "genero": "hombre",
      "email": "david@correo.com",
      "telefono": "662345678",
      "telefono_2": "",
      "fecha_nacimiento": "1988-11-13",
      "direccion": "Calle Libertad 7",
      "localidad": "45600, Talavera de la Reina (Toledo)",
      "alergias": "",
      "medicacion_actual": "",
      "enfermedades_cronicas": "",
      "cirugias_previas": "",
      "vacunas_recientes": "",
      "antecedentes_familiares": "",
      "id": "0006"
    },
    {
      "id": "0007",
      "nombre": "María",
      "apellidos": "Martín Díaz",
      "genero": "mujer",
      "email": "mariamartin@gmail.com",
      "telefono": "672345678",
      "fecha_nacimiento": "1993-02-07",
      "direccion": "Calle San Juan 8",
      "localidad": "45221, Esquivias (Toledo)"
    },
    {
      "id": "0008",
      "nombre": "Pedro",
      "apellidos": "Sánchez Martínez",
      "genero": "hombre",
      "email": "pedro@correo.com",
      "telefono": "682345678",
      "fecha_nacimiento": "1996-04-30",
      "direccion": "Calle de la Luna 10",
      "localidad": "45223, Seseña (Toledo)"
    },
    {
      "nombre": "Elena",
      "apellidos": "Moreno Rodríguez",
      "genero": "mujer",
      "email": "elena@correo.com",
      "telefono": "692345678",
      "telefono_2": "837298432",
      "fecha_nacimiento": "1984-08-22",
      "direccion": "Calle del Sol 4",
      "localidad": "45100, Sonseca (Toledo)",
      "alergias": "",
      "medicacion_actual": "",
      "enfermedades_cronicas": "",
      "cirugias_previas": "",
      "vacunas_recientes": "",
      "antecedentes_familiares": "",
      "id": "0009"
    },
    {
      "id": "10",
      "nombre": "Mario",
      "apellidos": "Pérez Ruiz",
      "genero": "hombre",
      "email": "marioroman@correo.com",
      "telefono": "601436764",
      "fecha_nacimiento": "1998-01-01",
      "direccion": "Calle del Mar 31",
      "localidad": "Parla"
    },
    {
      "id": "14",
      "nombre": "Ana",
      "apellidos": "Hernández Pérez",
      "genero": "mujer",
      "email": "ana@correo.com",
      "telefono": "601234567",
      "fecha_nacimiento": "1992-04-18",
      "direccion": "Calle del Río 5",
      "localidad": "45200, Illescas (Toledo)"
    },
    {
      "nombre": "Laura",
      "apellidos": "Navarro Callena",
      "genero": "mujer",
      "email": "lauranavarro@gmail.com",
      "telefono": "873289523",
      "telefono_2": "",
      "fecha_nacimiento": "1996-03-09",
      "direccion": "Calle Nueva N/1",
      "localidad": "45200, Illescas",
      "id": "15"
    },
    {
      "nombre": "Sergio",
      "apellidos": "Ruiz Sánchez",
      "genero": "hombre",
      "email": "sergiorsaweb18@gmail.com",
      "telefono": "626845818",
      "telefono_2": "925546669",
      "fecha_nacimiento": "2002-12-03",
      "direccion": "Calle Malvar N/44",
      "localidad": "45221, Esquvias (Toledo)",
      "alergias": "",
      "medicacion_actual": "",
      "enfermedades_cronicas": "",
      "cirugias_previas": "",
      "vacunas_recientes": "",
      "antecedentes_familiares": "",
      "id": "0714"
    },
    {
      "id": "17",
      "nombre": "Carlos",
      "apellidos": "de Diego Rodriguez",
      "genero": "hombre",
      "email": "carlosnuevodiego@gmail.com",
      "telefono": "385728359",
      "fecha_nacimiento": "2004-07-25",
      "direccion": "Calle Yeles N/5",
      "localidad": "45210, Yuncos (Toledo)"
    },
    {
      "id": "5985",
      "nombre": "Carla",
      "apellidos": "Martínez Fernández",
      "genero": "mujer",
      "email": "carla.martinez@example.com",
      "telefono": "600872834",
      "fecha_nacimiento": "1990-08-22",
      "direccion": "Calle Avenida Castellana N/9",
      "localidad": "45001, Toledo (Toledo)"
    },
    {
      "id": "b3b4",
      "nombre": "Amanda",
      "apellidos": "Rivas Almádena",
      "genero": "mujer",
      "email": "amandaret@gmail.com",
      "telefono": "673 26 23 12",
      "telefono_2": "",
      "fecha_nacimiento": "2025-03-08",
      "direccion": "Calle Luna N/33",
      "localidad": "45100, Sonseca (Toledo)"
    },
    {
      "nombre": "PRUEBA",
      "apellidos": "PRUEBA",
      "genero": "hombre",
      "email": "PRUEBA@gmail.com",
      "telefono": "PRUEBA",
      "telefono_2": "PRUEBA",
      "fecha_nacimiento": "1999-02-22",
      "direccion": "PRUEBA",
      "localidad": "PRUEBA",
      "alergias": "PRUEBA ACTUALIZADA",
      "medicacion_actual": "PRUEBA ACTUALIZADA",
      "enfermedades_cronicas": "PRUEBA ACTUALIZADA",
      "cirugias_previas": "PRUEBA ACTUALIZADA",
      "vacunas_recientes": "PRUEBA ACTUALIZADA",
      "antecedentes_familiares": "PRUEBA ACTUALIZADA",
      "id": "6a6d"
    },
    {
      "id": "0be4",
      "nombre": "Luisa",
      "apellidos": "Cabello Rutz",
      "genero": "mujer",
      "email": "cabellolur@gmail.com",
      "telefono": "662632366",
      "telefono_2": "",
      "fecha_nacimiento": "1996-04-16",
      "direccion": "Calle Luna Argentina N/22",
      "localidad": "45200, Illescas (Toledo)",
      "alergias": "",
      "medicacion_actual": "",
      "enfermedades_cronicas": "",
      "cirugias_previas": "",
      "vacunas_recientes": "",
      "antecedentes_familiares": ""
    },
    {
      "id": "3899",
      "nombre": "Marcos",
      "apellidos": "Real Casal",
      "genero": "hombre",
      "email": "marcreal@gmail.com",
      "telefono": "925566264",
      "telefono_2": "925447155",
      "fecha_nacimiento": "1993-11-05",
      "direccion": "Calle Illescas N/2",
      "localidad": "45100, Sonseca (Toledo)",
      "alergias": "",
      "medicacion_actual": "",
      "enfermedades_cronicas": "",
      "cirugias_previas": "",
      "vacunas_recientes": "",
      "antecedentes_familiares": ""
    }
  ]
}