{
  "pacientes": [
    {
      "id": "PRUEBA",
      "nombre": "PRUEBA",
      "apellidos": "PRUEBA",
      "genero": "PRUEBA",
      "email": "PRUEBA",
      "telefono": "PRUEBA",
      "telefono_2": "PRUEBA",
      "fecha_nacimiento": "PRUEBA",
      "direccion": "PRUEBA",
      "localidad": "PRUEBA",
      "observaciones": "PRUEBA",
      "medicacion_actual": "PRUEBA"
    },
    {
      "id": "0714",
      "nombre": "Sergio",
      "apellidos": "Ruiz Sánchez",
      "genero": "hombre",
      "email": "sergiorsaweb18@gmail.com",
      "telefono": "626845818",
      "telefono_2": "925546669",
      "fecha_nacimiento": "2002-12-03",
      "direccion": "Calle Malvar N/44",
      "localidad": "45221, Esquvias (Toledo)",
      "observaciones": "",
      "medicacion_actual": ""
    },
    {
      "id": "17",
      "nombre": "Carlos",
      "apellidos": "de Diego Rodriguez",
      "genero": "hombre",
      "email": "carlosnuevodiego@gmail.com",
      "telefono": "385728359",
      "fecha_nacimiento": "2004-07-25",
      "direccion": "Calle Yeles N/5",
      "localidad": "45210, Yuncos (Toledo)",
      "observaciones": "",
      "medicacion_actual": ""
    },
    {
      "id": "5985",
      "nombre": "Carla",
      "apellidos": "Martínez Fernández",
      "genero": "mujer",
      "email": "carla.martinez@example.com",
      "telefono": "600872834",
      "fecha_nacimiento": "1990-08-22",
      "direccion": "Calle Avenida Castellana N/9",
      "localidad": "45001, Toledo (Toledo)",
      "observaciones": "",
      "medicacion_actual": ""
    },
    {
      "id": "b3b4",
      "nombre": "Amanda",
      "apellidos": "Rivas Almádena",
      "genero": "mujer",
      "email": "amandaret@gmail.com",
      "telefono": "673 26 23 12",
      "telefono_2": "",
      "fecha_nacimiento": "2025-03-08",
      "direccion": "Calle Luna N/33",
      "localidad": "45100, Sonseca (Toledo)",
      "observaciones": "",
      "medicacion_actual": ""
    },
    {
      "id": "0be4",
      "nombre": "Luisa",
      "apellidos": "Cabello Rutz",
      "genero": "mujer",
      "email": "cabellolur@gmail.com",
      "telefono": "662632366",
      "telefono_2": "",
      "fecha_nacimiento": "1996-04-16",
      "direccion": "Calle Luna Argentina N/22",
      "localidad": "45200, Illescas (Toledo)",
      "observaciones": "",
      "medicacion_actual": ""
    },
    {
      "id": "3899",
      "nombre": "Marcos",
      "apellidos": "Real Casal",
      "genero": "hombre",
      "email": "marcreal@gmail.com",
      "telefono": "925566264",
      "telefono_2": "925447155",
      "fecha_nacimiento": "1993-11-05",
      "direccion": "Calle Illescas N/2",
      "localidad": "45100, Sonseca (Toledo)",
      "observaciones": "",
      "medicacion_actual": ""
    }
  ]
}